id,state_id/id,name,country_id/id
res_city_00001,base.state_id_ac,Kab. Aceh Selatan,base.id
res_city_00002,base.state_id_ac,Kab. Aceh Tenggara,base.id
res_city_00003,base.state_id_ac,Kab. Aceh Timur,base.id
res_city_00004,base.state_id_ac,Kab. Aceh Tengah,base.id
res_city_00005,base.state_id_ac,Kab. Aceh Barat,base.id
res_city_00006,base.state_id_ac,Kab. Aceh Besar,base.id
res_city_00007,base.state_id_ac,Kab. Pidie,base.id
res_city_00008,base.state_id_ac,Kab. Aceh Utara,base.id
res_city_00009,base.state_id_ac,Kab. Simeulue,base.id
res_city_00010,base.state_id_ac,Kab. Aceh Singkil,base.id
res_city_00011,base.state_id_ac,Kab. Bireuen,base.id
res_city_00012,base.state_id_ac,Kab. Aceh Barat Daya,base.id
res_city_00013,base.state_id_ac,Kab. Gayo Lues,base.id
res_city_00014,base.state_id_ac,Kab. Aceh Jaya,base.id
res_city_00015,base.state_id_ac,Kab. Nagan Raya,base.id
res_city_00016,base.state_id_ac,Kab. Aceh Tamiang,base.id
res_city_00017,base.state_id_ac,Kab. Bener Meriah,base.id
res_city_00018,base.state_id_ac,Kab. Pidie Jaya,base.id
res_city_00019,base.state_id_ac,Kota Banda Aceh,base.id
res_city_00020,base.state_id_ac,Kota Sabang,base.id
res_city_00021,base.state_id_ac,Kota Lhokseumawe,base.id
res_city_00022,base.state_id_ac,Kota Langsa,base.id
res_city_00023,base.state_id_ac,Kota Subulussalam,base.id
res_city_00024,base.state_id_su,Kab. Tapanuli Tengah,base.id
res_city_00025,base.state_id_su,Kab. Tapanuli Utara,base.id
res_city_00026,base.state_id_su,Kab. Tapanuli Selatan,base.id
res_city_00027,base.state_id_su,Kab. Nias,base.id
res_city_00028,base.state_id_su,Kab. Langkat,base.id
res_city_00029,base.state_id_su,Kab. Karo,base.id
res_city_00030,base.state_id_su,Kab. Deli Serdang,base.id
res_city_00031,base.state_id_su,Kab. Simalungun,base.id
res_city_00032,base.state_id_su,Kab. Asahan,base.id
res_city_00033,base.state_id_su,Kab. Labuhanbatu,base.id
res_city_00034,base.state_id_su,Kab. Dairi,base.id
res_city_00035,base.state_id_su,Kab. Toba,base.id
res_city_00036,base.state_id_su,Kab. Mandailing Natal,base.id
res_city_00037,base.state_id_su,Kab. Nias Selatan,base.id
res_city_00038,base.state_id_su,Kab. Pakpak Bharat,base.id
res_city_00039,base.state_id_su,Kab. Humbang Hasundutan,base.id
res_city_00040,base.state_id_su,Kab. Samosir,base.id
res_city_00041,base.state_id_su,Kab. Serdang Bedagai,base.id
res_city_00042,base.state_id_su,Kab. Batu Bara,base.id
res_city_00043,base.state_id_su,Kab. Padang Lawas Utara,base.id
res_city_00044,base.state_id_su,Kab. Padang Lawas,base.id
res_city_00045,base.state_id_su,Kab. Labuhanbatu Selatan,base.id
res_city_00046,base.state_id_su,Kab. Labuhanbatu Utara,base.id
res_city_00047,base.state_id_su,Kab. Nias Utara,base.id
res_city_00048,base.state_id_su,Kab. Nias Barat,base.id
res_city_00049,base.state_id_su,Kota Medan,base.id
res_city_00050,base.state_id_su,Kota Pematangsiantar,base.id
res_city_00051,base.state_id_su,Kota Sibolga,base.id
res_city_00052,base.state_id_su,Kota Tanjung Balai,base.id
res_city_00053,base.state_id_su,Kota Binjai,base.id
res_city_00054,base.state_id_su,Kota Tebing Tinggi,base.id
res_city_00055,base.state_id_su,Kota Padangsidimpuan,base.id
res_city_00056,base.state_id_su,Kota Gunungsitoli,base.id
res_city_00057,base.state_id_sb,Kab. Pesisir Selatan,base.id
res_city_00058,base.state_id_sb,Kab. Solok,base.id
res_city_00059,base.state_id_sb,Kab. Sijunjung,base.id
res_city_00060,base.state_id_sb,Kab. Tanah Datar,base.id
res_city_00061,base.state_id_sb,Kab. Padang Pariaman,base.id
res_city_00062,base.state_id_sb,Kab. Agam,base.id
res_city_00063,base.state_id_sb,Kab. Lima Puluh Kota,base.id
res_city_00064,base.state_id_sb,Kab. Pasaman,base.id
res_city_00065,base.state_id_sb,Kab. Kepulauan Mentawai,base.id
res_city_00066,base.state_id_sb,Kab. Dharmasraya,base.id
res_city_00067,base.state_id_sb,Kab. Solok Selatan,base.id
res_city_00068,base.state_id_sb,Kab. Pasaman Barat,base.id
res_city_00069,base.state_id_sb,Kota Padang,base.id
res_city_00070,base.state_id_sb,Kota Solok,base.id
res_city_00071,base.state_id_sb,Kota Sawahlunto,base.id
res_city_00072,base.state_id_sb,Kota Padang Panjang,base.id
res_city_00073,base.state_id_sb,Kota Bukittinggi,base.id
res_city_00074,base.state_id_sb,Kota Payakumbuh,base.id
res_city_00075,base.state_id_sb,Kota Pariaman,base.id
res_city_00076,base.state_id_ri,Kab. Kampar,base.id
res_city_00077,base.state_id_ri,Kab. Indragiri Hulu,base.id
res_city_00078,base.state_id_ri,Kab. Bengkalis,base.id
res_city_00079,base.state_id_ri,Kab. Indragiri Hilir,base.id
res_city_00080,base.state_id_ri,Kab. Pelalawan,base.id
res_city_00081,base.state_id_ri,Kab. Rokan Hulu,base.id
res_city_00082,base.state_id_ri,Kab. Rokan Hilir,base.id
res_city_00083,base.state_id_ri,Kab. Siak,base.id
res_city_00084,base.state_id_ri,Kab. Kuantan Singingi,base.id
res_city_00085,base.state_id_ri,Kab. Kepulauan Meranti,base.id
res_city_00086,base.state_id_ri,Kota Pekanbaru,base.id
res_city_00087,base.state_id_ri,Kota Dumai,base.id
res_city_00088,base.state_id_ja,Kab. Kerinci,base.id
res_city_00089,base.state_id_ja,Kab. Merangin,base.id
res_city_00090,base.state_id_ja,Kab. Sarolangun,base.id
res_city_00091,base.state_id_ja,Kab. Batanghari,base.id
res_city_00092,base.state_id_ja,Kab. Muaro Jambi,base.id
res_city_00093,base.state_id_ja,Kab. Tanjung Jabung Barat,base.id
res_city_00094,base.state_id_ja,Kab. Tanjung Jabung Timur,base.id
res_city_00095,base.state_id_ja,Kab. Bungo,base.id
res_city_00096,base.state_id_ja,Kab. Tebo,base.id
res_city_00097,base.state_id_ja,Kota Jambi,base.id
res_city_00098,base.state_id_ja,Kota Sungai Penuh,base.id
res_city_00099,base.state_id_ss,Kab. Ogan Komering Ulu,base.id
res_city_00100,base.state_id_ss,Kab. Ogan Komering Ilir,base.id
res_city_00101,base.state_id_ss,Kab. Muara Enim,base.id
res_city_00102,base.state_id_ss,Kab. Lahat,base.id
res_city_00103,base.state_id_ss,Kab. Musi Rawas,base.id
res_city_00104,base.state_id_ss,Kab. Musi Banyuasin,base.id
res_city_00105,base.state_id_ss,Kab. Banyuasin,base.id
res_city_00106,base.state_id_ss,Kab. Ogan Komering Ulu Timur,base.id
res_city_00107,base.state_id_ss,Kab. Ogan Komering Ulu Selatan,base.id
res_city_00108,base.state_id_ss,Kab. Ogan Ilir,base.id
res_city_00109,base.state_id_ss,Kab. Empat Lawang,base.id
res_city_00110,base.state_id_ss,Kab. Penukal Abab Lematang Ilir,base.id
res_city_00111,base.state_id_ss,Kab. Musi Rawas Utara,base.id
res_city_00112,base.state_id_ss,Kota Palembang,base.id
res_city_00113,base.state_id_ss,Kota Pagar Alam,base.id
res_city_00114,base.state_id_ss,Kota Lubuk Linggau,base.id
res_city_00115,base.state_id_ss,Kota Prabumulih,base.id
res_city_00116,base.state_id_be,Kab. Bengkulu Selatan,base.id
res_city_00117,base.state_id_be,Kab. Rejang Lebong,base.id
res_city_00118,base.state_id_be,Kab. Bengkulu Utara,base.id
res_city_00119,base.state_id_be,Kab. Kaur,base.id
res_city_00120,base.state_id_be,Kab. Seluma,base.id
res_city_00121,base.state_id_be,Kab. Muko Muko,base.id
res_city_00122,base.state_id_be,Kab. Lebong,base.id
res_city_00123,base.state_id_be,Kab. Kepahiang,base.id
res_city_00124,base.state_id_be,Kab. Bengkulu Tengah,base.id
res_city_00125,base.state_id_be,Kota Bengkulu,base.id
res_city_00126,base.state_id_la,Kab. Lampung Selatan,base.id
res_city_00127,base.state_id_la,Kab. Lampung Tengah,base.id
res_city_00128,base.state_id_la,Kab. Lampung Utara,base.id
res_city_00129,base.state_id_la,Kab. Lampung Barat,base.id
res_city_00130,base.state_id_la,Kab. Tulang Bawang,base.id
res_city_00131,base.state_id_la,Kab. Tanggamus,base.id
res_city_00132,base.state_id_la,Kab. Lampung Timur,base.id
res_city_00133,base.state_id_la,Kab. Way Kanan,base.id
res_city_00134,base.state_id_la,Kab. Pesawaran,base.id
res_city_00135,base.state_id_la,Kab. Pringsewu,base.id
res_city_00136,base.state_id_la,Kab. Mesuji,base.id
res_city_00137,base.state_id_la,Kab. Tulang Bawang Barat,base.id
res_city_00138,base.state_id_la,Kab. Pesisir Barat,base.id
res_city_00139,base.state_id_la,Kota Bandar Lampung,base.id
res_city_00140,base.state_id_la,Kota Metro,base.id
res_city_00141,base.state_id_bb,Kab. Bangka,base.id
res_city_00142,base.state_id_bb,Kab. Belitung,base.id
res_city_00143,base.state_id_bb,Kab. Bangka Selatan,base.id
res_city_00144,base.state_id_bb,Kab. Bangka Tengah,base.id
res_city_00145,base.state_id_bb,Kab. Bangka Barat,base.id
res_city_00146,base.state_id_bb,Kab. Belitung Timur,base.id
res_city_00147,base.state_id_bb,Kota Pangkal Pinang,base.id
res_city_00148,base.state_id_kr,Kab. Bintan,base.id
res_city_00149,base.state_id_kr,Kab. Karimun,base.id
res_city_00150,base.state_id_kr,Kab. Natuna,base.id
res_city_00151,base.state_id_kr,Kab. Lingga,base.id
res_city_00152,base.state_id_kr,Kab. Kepulauan Anambas,base.id
res_city_00153,base.state_id_kr,Kota Batam,base.id
res_city_00154,base.state_id_kr,Kota Tanjung Pinang,base.id
res_city_00155,base.state_id_jk,Kab. Adm. Kep. Seribu,base.id
res_city_00156,base.state_id_jk,Kota Adm. Jakarta Pusat,base.id
res_city_00157,base.state_id_jk,Kota Adm. Jakarta Utara,base.id
res_city_00158,base.state_id_jk,Kota Adm. Jakarta Barat,base.id
res_city_00159,base.state_id_jk,Kota Adm. Jakarta Selatan,base.id
res_city_00160,base.state_id_jk,Kota Adm. Jakarta Timur,base.id
res_city_00161,base.state_id_jb,Kab. Bogor,base.id
res_city_00162,base.state_id_jb,Kab. Sukabumi,base.id
res_city_00163,base.state_id_jb,Kab. Cianjur,base.id
res_city_00164,base.state_id_jb,Kab. Bandung,base.id
res_city_00165,base.state_id_jb,Kab. Garut,base.id
res_city_00166,base.state_id_jb,Kab. Tasikmalaya,base.id
res_city_00167,base.state_id_jb,Kab. Ciamis,base.id
res_city_00168,base.state_id_jb,Kab. Kuningan,base.id
res_city_00169,base.state_id_jb,Kab. Cirebon,base.id
res_city_00170,base.state_id_jb,Kab. Majalengka,base.id
res_city_00171,base.state_id_jb,Kab. Sumedang,base.id
res_city_00172,base.state_id_jb,Kab. Indramayu,base.id
res_city_00173,base.state_id_jb,Kab. Subang,base.id
res_city_00174,base.state_id_jb,Kab. Purwakarta,base.id
res_city_00175,base.state_id_jb,Kab. Karawang,base.id
res_city_00176,base.state_id_jb,Kab. Bekasi,base.id
res_city_00177,base.state_id_jb,Kab. Bandung Barat,base.id
res_city_00178,base.state_id_jb,Kab. Pangandaran,base.id
res_city_00179,base.state_id_jb,Kota Bogor,base.id
res_city_00180,base.state_id_jb,Kota Sukabumi,base.id
res_city_00181,base.state_id_jb,Kota Bandung,base.id
res_city_00182,base.state_id_jb,Kota Cirebon,base.id
res_city_00183,base.state_id_jb,Kota Bekasi,base.id
res_city_00184,base.state_id_jb,Kota Depok,base.id
res_city_00185,base.state_id_jb,Kota Cimahi,base.id
res_city_00186,base.state_id_jb,Kota Tasikmalaya,base.id
res_city_00187,base.state_id_jb,Kota Banjar,base.id
res_city_00188,base.state_id_jt,Kab. Cilacap,base.id
res_city_00189,base.state_id_jt,Kab. Banyumas,base.id
res_city_00190,base.state_id_jt,Kab. Purbalingga,base.id
res_city_00191,base.state_id_jt,Kab. Banjarnegara,base.id
res_city_00192,base.state_id_jt,Kab. Kebumen,base.id
res_city_00193,base.state_id_jt,Kab. Purworejo,base.id
res_city_00194,base.state_id_jt,Kab. Wonosobo,base.id
res_city_00195,base.state_id_jt,Kab. Magelang,base.id
res_city_00196,base.state_id_jt,Kab. Boyolali,base.id
res_city_00197,base.state_id_jt,Kab. Klaten,base.id
res_city_00198,base.state_id_jt,Kab. Sukoharjo,base.id
res_city_00199,base.state_id_jt,Kab. Wonogiri,base.id
res_city_00200,base.state_id_jt,Kab. Karanganyar,base.id
res_city_00201,base.state_id_jt,Kab. Sragen,base.id
res_city_00202,base.state_id_jt,Kab. Grobogan,base.id
res_city_00203,base.state_id_jt,Kab. Blora,base.id
res_city_00204,base.state_id_jt,Kab. Rembang,base.id
res_city_00205,base.state_id_jt,Kab. Pati,base.id
res_city_00206,base.state_id_jt,Kab. Kudus,base.id
res_city_00207,base.state_id_jt,Kab. Jepara,base.id
res_city_00208,base.state_id_jt,Kab. Demak,base.id
res_city_00209,base.state_id_jt,Kab. Semarang,base.id
res_city_00210,base.state_id_jt,Kab. Temanggung,base.id
res_city_00211,base.state_id_jt,Kab. Kendal,base.id
res_city_00212,base.state_id_jt,Kab. Batang,base.id
res_city_00213,base.state_id_jt,Kab. Pekalongan,base.id
res_city_00214,base.state_id_jt,Kab. Pemalang,base.id
res_city_00215,base.state_id_jt,Kab. Tegal,base.id
res_city_00216,base.state_id_jt,Kab. Brebes,base.id
res_city_00217,base.state_id_jt,Kota Magelang,base.id
res_city_00218,base.state_id_jt,Kota Surakarta,base.id
res_city_00219,base.state_id_jt,Kota Salatiga,base.id
res_city_00220,base.state_id_jt,Kota Semarang,base.id
res_city_00221,base.state_id_jt,Kota Pekalongan,base.id
res_city_00222,base.state_id_jt,Kota Tegal,base.id
res_city_00223,base.state_id_yo,Kab. Kulon Progo,base.id
res_city_00224,base.state_id_yo,Kab. Bantul,base.id
res_city_00225,base.state_id_yo,Kab. Gunungkidul,base.id
res_city_00226,base.state_id_yo,Kab. Sleman,base.id
res_city_00227,base.state_id_yo,Kota Yogyakarta,base.id
res_city_00228,base.state_id_ji,Kab. Pacitan,base.id
res_city_00229,base.state_id_ji,Kab. Ponorogo,base.id
res_city_00230,base.state_id_ji,Kab. Trenggalek,base.id
res_city_00231,base.state_id_ji,Kab. Tulungagung,base.id
res_city_00232,base.state_id_ji,Kab. Blitar,base.id
res_city_00233,base.state_id_ji,Kab. Kediri,base.id
res_city_00234,base.state_id_ji,Kab. Malang,base.id
res_city_00235,base.state_id_ji,Kab. Lumajang,base.id
res_city_00236,base.state_id_ji,Kab. Jember,base.id
res_city_00237,base.state_id_ji,Kab. Banyuwangi,base.id
res_city_00238,base.state_id_ji,Kab. Bondowoso,base.id
res_city_00239,base.state_id_ji,Kab. Situbondo,base.id
res_city_00240,base.state_id_ji,Kab. Probolinggo,base.id
res_city_00241,base.state_id_ji,Kab. Pasuruan,base.id
res_city_00242,base.state_id_ji,Kab. Sidoarjo,base.id
res_city_00243,base.state_id_ji,Kab. Mojokerto,base.id
res_city_00244,base.state_id_ji,Kab. Jombang,base.id
res_city_00245,base.state_id_ji,Kab. Nganjuk,base.id
res_city_00246,base.state_id_ji,Kab. Madiun,base.id
res_city_00247,base.state_id_ji,Kab. Magetan,base.id
res_city_00248,base.state_id_ji,Kab. Ngawi,base.id
res_city_00249,base.state_id_ji,Kab. Bojonegoro,base.id
res_city_00250,base.state_id_ji,Kab. Tuban,base.id
res_city_00251,base.state_id_ji,Kab. Lamongan,base.id
res_city_00252,base.state_id_ji,Kab. Gresik,base.id
res_city_00253,base.state_id_ji,Kab. Bangkalan,base.id
res_city_00254,base.state_id_ji,Kab. Sampang,base.id
res_city_00255,base.state_id_ji,Kab. Pamekasan,base.id
res_city_00256,base.state_id_ji,Kab. Sumenep,base.id
res_city_00257,base.state_id_ji,Kota Kediri,base.id
res_city_00258,base.state_id_ji,Kota Blitar,base.id
res_city_00259,base.state_id_ji,Kota Malang,base.id
res_city_00260,base.state_id_ji,Kota Probolinggo,base.id
res_city_00261,base.state_id_ji,Kota Pasuruan,base.id
res_city_00262,base.state_id_ji,Kota Mojokerto,base.id
res_city_00263,base.state_id_ji,Kota Madiun,base.id
res_city_00264,base.state_id_ji,Kota Surabaya,base.id
res_city_00265,base.state_id_ji,Kota Batu,base.id
res_city_00266,base.state_id_bt,Kab. Pandeglang,base.id
res_city_00267,base.state_id_bt,Kab. Lebak,base.id
res_city_00268,base.state_id_bt,Kab. Tangerang,base.id
res_city_00269,base.state_id_bt,Kab. Serang,base.id
res_city_00270,base.state_id_bt,Kota Tangerang,base.id
res_city_00271,base.state_id_bt,Kota Cilegon,base.id
res_city_00272,base.state_id_bt,Kota Serang,base.id
res_city_00273,base.state_id_bt,Kota Tangerang Selatan,base.id
res_city_00274,base.state_id_ba,Kab. Jembrana,base.id
res_city_00275,base.state_id_ba,Kab. Tabanan,base.id
res_city_00276,base.state_id_ba,Kab. Badung,base.id
res_city_00277,base.state_id_ba,Kab. Gianyar,base.id
res_city_00278,base.state_id_ba,Kab. Klungkung,base.id
res_city_00279,base.state_id_ba,Kab. Bangli,base.id
res_city_00280,base.state_id_ba,Kab. Karangasem,base.id
res_city_00281,base.state_id_ba,Kab. Buleleng,base.id
res_city_00282,base.state_id_ba,Kota Denpasar,base.id
res_city_00283,base.state_id_nb,Kab. Lombok Barat,base.id
res_city_00284,base.state_id_nb,Kab. Lombok Tengah,base.id
res_city_00285,base.state_id_nb,Kab. Lombok Timur,base.id
res_city_00286,base.state_id_nb,Kab. Sumbawa,base.id
res_city_00287,base.state_id_nb,Kab. Dompu,base.id
res_city_00288,base.state_id_nb,Kab. Bima,base.id
res_city_00289,base.state_id_nb,Kab. Sumbawa Barat,base.id
res_city_00290,base.state_id_nb,Kab. Lombok Utara,base.id
res_city_00291,base.state_id_nb,Kota Mataram,base.id
res_city_00292,base.state_id_nb,Kota Bima,base.id
res_city_00293,base.state_id_nt,Kab. Kupang,base.id
res_city_00294,base.state_id_nt,Kab Timor Tengah Selatan,base.id
res_city_00295,base.state_id_nt,Kab. Timor Tengah Utara,base.id
res_city_00296,base.state_id_nt,Kab. Belu,base.id
res_city_00297,base.state_id_nt,Kab. Alor,base.id
res_city_00298,base.state_id_nt,Kab. Flores Timur,base.id
res_city_00299,base.state_id_nt,Kab. Sikka,base.id
res_city_00300,base.state_id_nt,Kab. Ende,base.id
res_city_00301,base.state_id_nt,Kab. Ngada,base.id
res_city_00302,base.state_id_nt,Kab. Manggarai,base.id
res_city_00303,base.state_id_nt,Kab. Sumba Timur,base.id
res_city_00304,base.state_id_nt,Kab. Sumba Barat,base.id
res_city_00305,base.state_id_nt,Kab. Lembata,base.id
res_city_00306,base.state_id_nt,Kab. Rote Ndao,base.id
res_city_00307,base.state_id_nt,Kab. Manggarai Barat,base.id
res_city_00308,base.state_id_nt,Kab. Nagekeo,base.id
res_city_00309,base.state_id_nt,Kab. Sumba Tengah,base.id
res_city_00310,base.state_id_nt,Kab. Sumba Barat Daya,base.id
res_city_00311,base.state_id_nt,Kab. Manggarai Timur,base.id
res_city_00312,base.state_id_nt,Kab. Sabu Raijua,base.id
res_city_00313,base.state_id_nt,Kab. Malaka,base.id
res_city_00314,base.state_id_nt,Kota Kupang,base.id
res_city_00315,base.state_id_kb,Kab. Sambas,base.id
res_city_00316,base.state_id_kb,Kab. Mempawah,base.id
res_city_00317,base.state_id_kb,Kab. Sanggau,base.id
res_city_00318,base.state_id_kb,Kab. Ketapang,base.id
res_city_00319,base.state_id_kb,Kab. Sintang,base.id
res_city_00320,base.state_id_kb,Kab. Kapuas Hulu,base.id
res_city_00321,base.state_id_kb,Kab. Bengkayang,base.id
res_city_00322,base.state_id_kb,Kab. Landak,base.id
res_city_00323,base.state_id_kb,Kab. Sekadau,base.id
res_city_00324,base.state_id_kb,Kab. Melawi,base.id
res_city_00325,base.state_id_kb,Kab. Kayong Utara,base.id
res_city_00326,base.state_id_kb,Kab. Kubu Raya,base.id
res_city_00327,base.state_id_kb,Kota Pontianak,base.id
res_city_00328,base.state_id_kb,Kota Singkawang,base.id
res_city_00329,base.state_id_kt,Kab. Kotawaringin Barat,base.id
res_city_00330,base.state_id_kt,Kab. Kotawaringin Timur,base.id
res_city_00331,base.state_id_kt,Kab. Kapuas,base.id
res_city_00332,base.state_id_kt,Kab. Barito Selatan,base.id
res_city_00333,base.state_id_kt,Kab. Barito Utara,base.id
res_city_00334,base.state_id_kt,Kab. Katingan,base.id
res_city_00335,base.state_id_kt,Kab. Seruyan,base.id
res_city_00336,base.state_id_kt,Kab. Sukamara,base.id
res_city_00337,base.state_id_kt,Kab. Lamandau,base.id
res_city_00338,base.state_id_kt,Kab. Gunung Mas,base.id
res_city_00339,base.state_id_kt,Kab. Pulang Pisau,base.id
res_city_00340,base.state_id_kt,Kab. Murung Raya,base.id
res_city_00341,base.state_id_kt,Kab. Barito Timur,base.id
res_city_00342,base.state_id_kt,Kota Palangkaraya,base.id
res_city_00343,base.state_id_ks,Kab. Tanah Laut,base.id
res_city_00344,base.state_id_ks,Kab. Kotabaru,base.id
res_city_00345,base.state_id_ks,Kab. Banjar,base.id
res_city_00346,base.state_id_ks,Kab. Barito Kuala,base.id
res_city_00347,base.state_id_ks,Kab. Tapin,base.id
res_city_00348,base.state_id_ks,Kab. Hulu Sungai Selatan,base.id
res_city_00349,base.state_id_ks,Kab. Hulu Sungai Tengah,base.id
res_city_00350,base.state_id_ks,Kab. Hulu Sungai Utara,base.id
res_city_00351,base.state_id_ks,Kab. Tabalong,base.id
res_city_00352,base.state_id_ks,Kab. Tanah Bumbu,base.id
res_city_00353,base.state_id_ks,Kab. Balangan,base.id
res_city_00354,base.state_id_ks,Kota Banjarmasin,base.id
res_city_00355,base.state_id_ks,Kota Banjarbaru,base.id
res_city_00356,base.state_id_ki,Kab. Paser,base.id
res_city_00357,base.state_id_ki,Kab. Kutai Kartanegara,base.id
res_city_00358,base.state_id_ki,Kab. Berau,base.id
res_city_00359,base.state_id_ki,Kab. Kutai Barat,base.id
res_city_00360,base.state_id_ki,Kab. Kutai Timur,base.id
res_city_00361,base.state_id_ki,Kab. Penajam Paser Utara,base.id
res_city_00362,base.state_id_ki,Kab. Mahakam Ulu,base.id
res_city_00363,base.state_id_ki,Kota Balikpapan,base.id
res_city_00364,base.state_id_ki,Kota Samarinda,base.id
res_city_00365,base.state_id_ki,Kota Bontang,base.id
res_city_00366,base.state_id_ku,Kab. Bulungan,base.id
res_city_00367,base.state_id_ku,Kab. Malinau,base.id
res_city_00368,base.state_id_ku,Kab. Nunukan,base.id
res_city_00369,base.state_id_ku,Kab. Tana Tidung,base.id
res_city_00370,base.state_id_ku,Kota Tarakan,base.id
res_city_00371,base.state_id_sa,Kab. Bolaang Mongondow,base.id
res_city_00372,base.state_id_sa,Kab. Minahasa,base.id
res_city_00373,base.state_id_sa,Kab. Kepulauan Sangihe,base.id
res_city_00374,base.state_id_sa,Kab. Kepulauan Talaud,base.id
res_city_00375,base.state_id_sa,Kab. Minahasa Selatan,base.id
res_city_00376,base.state_id_sa,Kab. Minahasa Utara,base.id
res_city_00377,base.state_id_sa,Kab. Minahasa Tenggara,base.id
res_city_00378,base.state_id_sa,Kab. Bolaang Mongondow Utara,base.id
res_city_00379,base.state_id_sa,Kab. Kep. Siau Tagulandang Biaro,base.id
res_city_00380,base.state_id_sa,Kab. Bolaang Mongondow Timur,base.id
res_city_00381,base.state_id_sa,Kab. Bolaang Mongondow Selatan,base.id
res_city_00382,base.state_id_sa,Kota Manado,base.id
res_city_00383,base.state_id_sa,Kota Bitung,base.id
res_city_00384,base.state_id_sa,Kota Tomohon,base.id
res_city_00385,base.state_id_sa,Kota Kotamobagu,base.id
res_city_00386,base.state_id_st,Kab. Banggai,base.id
res_city_00387,base.state_id_st,Kab. Poso,base.id
res_city_00388,base.state_id_st,Kab. Donggala,base.id
res_city_00389,base.state_id_st,Kab. Toli Toli,base.id
res_city_00390,base.state_id_st,Kab. Buol,base.id
res_city_00391,base.state_id_st,Kab. Morowali,base.id
res_city_00392,base.state_id_st,Kab. Banggai Kepulauan,base.id
res_city_00393,base.state_id_st,Kab. Parigi Moutong,base.id
res_city_00394,base.state_id_st,Kab. Tojo Una Una,base.id
res_city_00395,base.state_id_st,Kab. Sigi,base.id
res_city_00396,base.state_id_st,Kab. Banggai Laut,base.id
res_city_00397,base.state_id_st,Kab. Morowali Utara,base.id
res_city_00398,base.state_id_st,Kota Palu,base.id
res_city_00399,base.state_id_sn,Kab. Kepulauan Selayar,base.id
res_city_00400,base.state_id_sn,Kab. Bulukumba,base.id
res_city_00401,base.state_id_sn,Kab. Bantaeng,base.id
res_city_00402,base.state_id_sn,Kab. Jeneponto,base.id
res_city_00403,base.state_id_sn,Kab. Takalar,base.id
res_city_00404,base.state_id_sn,Kab. Gowa,base.id
res_city_00405,base.state_id_sn,Kab. Sinjai,base.id
res_city_00406,base.state_id_sn,Kab. Bone,base.id
res_city_00407,base.state_id_sn,Kab. Maros,base.id
res_city_00408,base.state_id_sn,Kab. Pangkajene Kepulauan,base.id
res_city_00409,base.state_id_sn,Kab. Barru,base.id
res_city_00410,base.state_id_sn,Kab. Soppeng,base.id
res_city_00411,base.state_id_sn,Kab. Wajo,base.id
res_city_00412,base.state_id_sn,Kab. Sidenreng Rappang,base.id
res_city_00413,base.state_id_sn,Kab. Pinrang,base.id
res_city_00414,base.state_id_sn,Kab. Enrekang,base.id
res_city_00415,base.state_id_sn,Kab. Luwu,base.id
res_city_00416,base.state_id_sn,Kab. Tana Toraja,base.id
res_city_00417,base.state_id_sn,Kab. Luwu Utara,base.id
res_city_00418,base.state_id_sn,Kab. Luwu Timur,base.id
res_city_00419,base.state_id_sn,Kab. Toraja Utara,base.id
res_city_00420,base.state_id_sn,Kota Makassar,base.id
res_city_00421,base.state_id_sn,Kota Pare Pare,base.id
res_city_00422,base.state_id_sn,Kota Palopo,base.id
res_city_00423,base.state_id_sg,Kab. Kolaka,base.id
res_city_00424,base.state_id_sg,Kab. Konawe,base.id
res_city_00425,base.state_id_sg,Kab. Muna,base.id
res_city_00426,base.state_id_sg,Kab. Buton,base.id
res_city_00427,base.state_id_sg,Kab. Konawe Selatan,base.id
res_city_00428,base.state_id_sg,Kab. Bombana,base.id
res_city_00429,base.state_id_sg,Kab. Wakatobi,base.id
res_city_00430,base.state_id_sg,Kab. Kolaka Utara,base.id
res_city_00431,base.state_id_sg,Kab. Konawe Utara,base.id
res_city_00432,base.state_id_sg,Kab. Buton Utara,base.id
res_city_00433,base.state_id_sg,Kab. Kolaka Timur,base.id
res_city_00434,base.state_id_sg,Kab. Konawe Kepulauan,base.id
res_city_00435,base.state_id_sg,Kab. Muna Barat,base.id
res_city_00436,base.state_id_sg,Kab. Buton Tengah,base.id
res_city_00437,base.state_id_sg,Kab. Buton Selatan,base.id
res_city_00438,base.state_id_sg,Kota Kendari,base.id
res_city_00439,base.state_id_sg,Kota Bau Bau,base.id
res_city_00440,base.state_id_go,Kab. Gorontalo,base.id
res_city_00441,base.state_id_go,Kab. Boalemo,base.id
res_city_00442,base.state_id_go,Kab. Bone Bolango,base.id
res_city_00443,base.state_id_go,Kab. Pohuwato,base.id
res_city_00444,base.state_id_go,Kab. Gorontalo Utara,base.id
res_city_00445,base.state_id_go,Kota Gorontalo,base.id
res_city_00446,base.state_id_sr,Kab. Pasangkayu,base.id
res_city_00447,base.state_id_sr,Kab. Mamuju,base.id
res_city_00448,base.state_id_sr,Kab. Mamasa,base.id
res_city_00449,base.state_id_sr,Kab. Polewali Mandar,base.id
res_city_00450,base.state_id_sr,Kab. Majene,base.id
res_city_00451,base.state_id_sr,Kab. Mamuju Tengah,base.id
res_city_00452,base.state_id_ma,Kab. Maluku Tengah,base.id
res_city_00453,base.state_id_ma,Kab. Maluku Tenggara,base.id
res_city_00454,base.state_id_ma,Kab. Kepulauan Tanimbar,base.id
res_city_00455,base.state_id_ma,Kab. Buru,base.id
res_city_00456,base.state_id_ma,Kab. Seram Bagian Timur,base.id
res_city_00457,base.state_id_ma,Kab. Seram Bagian Barat,base.id
res_city_00458,base.state_id_ma,Kab. Kepulauan Aru,base.id
res_city_00459,base.state_id_ma,Kab. Maluku Barat Daya,base.id
res_city_00460,base.state_id_ma,Kab. Buru Selatan,base.id
res_city_00461,base.state_id_ma,Kota Ambon,base.id
res_city_00462,base.state_id_ma,Kota Tual,base.id
res_city_00463,base.state_id_mu,Kab. Halmahera Barat,base.id
res_city_00464,base.state_id_mu,Kab. Halmahera Tengah,base.id
res_city_00465,base.state_id_mu,Kab. Halmahera Utara,base.id
res_city_00466,base.state_id_mu,Kab. Halmahera Selatan,base.id
res_city_00467,base.state_id_mu,Kab. Kepulauan Sula,base.id
res_city_00468,base.state_id_mu,Kab. Halmahera Timur,base.id
res_city_00469,base.state_id_mu,Kab. Pulau Morotai,base.id
res_city_00470,base.state_id_mu,Kab. Pulau Taliabu,base.id
res_city_00471,base.state_id_mu,Kota Ternate,base.id
res_city_00472,base.state_id_mu,Kota Tidore Kepulauan,base.id
res_city_00473,base.state_id_pa,Kab. Jayapura,base.id
res_city_00474,base.state_id_pa,Kab. Kepulauan Yapen,base.id
res_city_00475,base.state_id_pa,Kab. Biak Numfor,base.id
res_city_00476,base.state_id_pa,Kab. Sarmi,base.id
res_city_00477,base.state_id_pa,Kab. Keerom,base.id
res_city_00478,base.state_id_pa,Kab. Waropen,base.id
res_city_00479,base.state_id_pa,Kab. Supiori,base.id
res_city_00480,base.state_id_pa,Kab. Mamberamo Raya,base.id
res_city_00481,base.state_id_pa,Kota Jayapura,base.id
res_city_00482,base.state_id_pb,Kab. Sorong,base.id
res_city_00483,base.state_id_pb,Kab. Manokwari,base.id
res_city_00484,base.state_id_pb,Kab. Fak Fak,base.id
res_city_00485,base.state_id_pb,Kab. Sorong Selatan,base.id
res_city_00486,base.state_id_pb,Kab. Raja Ampat,base.id
res_city_00487,base.state_id_pb,Kab. Teluk Bintuni,base.id
res_city_00488,base.state_id_pb,Kab. Teluk Wondama,base.id
res_city_00489,base.state_id_pb,Kab. Kaimana,base.id
res_city_00490,base.state_id_pb,Kab. Tambrauw,base.id
res_city_00491,base.state_id_pb,Kab. Maybrat,base.id
res_city_00492,base.state_id_pb,Kab. Manokwari Selatan,base.id
res_city_00493,base.state_id_pb,Kab. Pegunungan Arfak,base.id
res_city_00494,base.state_id_pb,Kota Sorong,base.id
res_city_00495,base.state_id_ps,Kab. Merauke,base.id
res_city_00496,base.state_id_ps,Kab. Boven Digoel,base.id
res_city_00497,base.state_id_ps,Kab. Mappi,base.id
res_city_00498,base.state_id_ps,Kab. Asmat,base.id
res_city_00499,base.state_id_pt,Kab. Nabire,base.id
res_city_00500,base.state_id_pt,Kab. Puncak Jaya,base.id
res_city_00501,base.state_id_pt,Kab. Paniai,base.id
res_city_00502,base.state_id_pt,Kab. Mimika,base.id
res_city_00503,base.state_id_pt,Kab. Puncak,base.id
res_city_00504,base.state_id_pt,Kab. Dogiyai,base.id
res_city_00505,base.state_id_pt,Kab. Intan Jaya,base.id
res_city_00506,base.state_id_pt,Kab. Deiyai,base.id
res_city_00507,base.state_id_pe,Kab. Jayawijaya,base.id
res_city_00508,base.state_id_pe,Kab. Pegunungan Bintang,base.id
res_city_00509,base.state_id_pe,Kab. Yahukimo,base.id
res_city_00510,base.state_id_pe,Kab. Tolikara,base.id
res_city_00511,base.state_id_pe,Kab. Mamberamo Tengah,base.id
res_city_00512,base.state_id_pe,Kab. Yalimo,base.id
res_city_00513,base.state_id_pe,Kab. Lanny Jaya,base.id
res_city_00514,base.state_id_pe,Kab. Nduga,base.id
